KODE_PESERTA,KODE_PENEMPATAN,PIL_KE,NILAI
1,dept2,1,73.72
2,dept1,1,9.14
3,dept4,1,40.6
4,dept2,1,85.76
5,dept4,1,75.97
6,dept4,1,19.75
7,dept1,1,80.04
8,dept4,1,16.24
9,dept4,1,19.05
10,dept3,1,63.38
11,dept2,1,14.43
12,dept2,1,16.97
13,dept3,1,60.31
14,dept1,1,43.39
15,dept4,1,7.84
16,dept3,1,59.17
17,dept1,1,98.89
18,dept1,1,45.24
19,dept2,1,22.39
20,dept2,1,81.26
21,dept1,1,43.32
22,dept2,1,71.64
23,dept1,1,5.72
24,dept2,1,56.83
25,dept2,1,61.94
26,dept1,1,29.97
27,dept3,1,25.91
28,dept4,1,1.45
29,dept1,1,73.0
30,dept2,1,46.13
31,dept2,1,68.88
32,dept4,1,14.9
33,dept3,1,13.37
34,dept3,1,5.88
35,dept3,1,77.24
36,dept2,1,69.15
37,dept1,1,71.49
38,dept3,1,73.98
39,dept1,1,88.52
40,dept3,1,20.11
41,dept4,1,25.34
42,dept2,1,70.71
43,dept3,1,64.76
44,dept4,1,80.4
45,dept2,1,76.55
46,dept1,1,33.92
47,dept4,1,47.79
48,dept3,1,67.49
49,dept2,1,35.54
50,dept2,1,81.32
51,dept4,1,32.22
52,dept4,1,44.42
53,dept4,1,70.25
54,dept3,1,89.91
55,dept4,1,59.65
56,dept1,1,90.94
57,dept1,1,94.76
58,dept2,1,29.08
59,dept3,1,13.4
60,dept1,1,20.37
61,dept1,1,5.39
62,dept2,1,12.02
63,dept2,1,77.81
64,dept3,1,97.14
65,dept3,1,64.66
66,dept4,1,61.1
67,dept4,1,87.07
68,dept3,1,83.81
69,dept4,1,93.98
70,dept1,1,36.31
71,dept1,1,18.09
72,dept2,1,93.52
73,dept2,1,78.1
74,dept2,1,5.26
75,dept1,1,52.77
76,dept3,1,17.98
77,dept3,1,87.68
78,dept3,1,56.1
79,dept2,1,97.12
80,dept2,1,56.8
81,dept2,1,58.88
82,dept3,1,3.73
83,dept4,1,6.71
84,dept3,1,53.3
85,dept3,1,89.48
86,dept1,1,76.94
87,dept2,1,66.31
88,dept1,1,9.59
89,dept4,1,47.06
90,dept2,1,16.04
91,dept4,1,86.76
92,dept3,1,24.91
93,dept4,1,62.06
94,dept3,1,5.45
95,dept3,1,71.52
96,dept3,1,78.71
97,dept3,1,69.45
98,dept3,1,88.21
99,dept4,1,69.97
100,dept3,1,34.69
101,dept3,1,16.67
102,dept3,1,97.0
103,dept1,1,96.82
104,dept4,1,75.85
105,dept3,1,59.69
106,dept2,1,87.86
107,dept1,1,97.27
108,dept1,1,46.22
109,dept2,1,29.76
110,dept2,1,49.23
111,dept1,1,61.9
112,dept2,1,47.36
113,dept2,1,32.48
114,dept4,1,13.4
115,dept3,1,60.39
116,dept3,1,67.15
117,dept1,1,32.64
118,dept4,1,26.69
119,dept2,1,95.52
120,dept2,1,7.0
121,dept1,1,3.14
122,dept1,1,11.96
123,dept4,1,37.38
124,dept4,1,2.8
125,dept2,1,29.86
126,dept4,1,40.85
127,dept1,1,73.77
128,dept1,1,69.51
129,dept4,1,83.95
130,dept4,1,37.72
131,dept1,1,50.55
132,dept3,1,75.91
133,dept3,1,84.09
134,dept4,1,51.63
135,dept4,1,72.1
136,dept1,1,81.17
137,dept3,1,19.73
138,dept1,1,54.88
139,dept2,1,49.82
140,dept4,1,97.98
141,dept1,1,20.07
142,dept2,1,57.29
143,dept4,1,30.75
144,dept2,1,47.17
145,dept4,1,95.97
146,dept2,1,67.0
147,dept4,1,62.65
148,dept3,1,1.43
149,dept3,1,43.53
150,dept1,1,26.5
151,dept2,1,78.35
152,dept2,1,45.87
153,dept3,1,92.34
154,dept4,1,13.19
155,dept2,1,68.67
156,dept1,1,2.81
157,dept2,1,51.77
158,dept1,1,65.22
159,dept4,1,94.91
160,dept1,1,18.18
161,dept3,1,66.13
162,dept3,1,29.53
163,dept4,1,28.13
164,dept1,1,92.02
165,dept3,1,13.72
166,dept1,1,27.94
167,dept2,1,26.89
168,dept3,1,76.88
169,dept4,1,22.8
170,dept2,1,63.16
171,dept2,1,53.24
172,dept3,1,27.3
173,dept4,1,37.49
174,dept3,1,61.64
175,dept4,1,13.51
176,dept1,1,98.71
177,dept1,1,39.39
178,dept2,1,30.6
179,dept2,1,18.66
180,dept4,1,38.31
181,dept3,1,67.11
182,dept3,1,99.98
183,dept2,1,16.91
184,dept2,1,65.29
185,dept1,1,25.07
186,dept3,1,1.98
187,dept4,1,47.06
188,dept4,1,83.22
189,dept2,1,44.09
190,dept4,1,76.27
191,dept3,1,80.08
192,dept3,1,22.53
193,dept3,1,71.8
194,dept3,1,80.94
195,dept3,1,92.46
196,dept3,1,67.92
197,dept3,1,2.27
198,dept3,1,80.35
199,dept4,1,85.41
200,dept4,1,48.08
201,dept2,1,10.43
202,dept3,1,58.06
203,dept4,1,39.28
204,dept1,1,63.72
205,dept4,1,42.89
206,dept4,1,57.19
207,dept1,1,12.22
208,dept2,1,39.7
209,dept1,1,58.11
210,dept2,1,5.28
211,dept3,1,90.35
212,dept2,1,22.71
213,dept4,1,86.89
214,dept4,1,72.41
215,dept1,1,88.28
216,dept2,1,60.24
217,dept1,1,22.85
218,dept2,1,88.83
219,dept4,1,59.55
220,dept3,1,39.53
221,dept1,1,19.96
222,dept4,1,51.67
223,dept2,1,60.29
224,dept3,1,65.66
225,dept1,1,13.95
226,dept4,1,7.54
227,dept1,1,22.97
228,dept2,1,81.24
229,dept2,1,7.64
230,dept1,1,76.16
231,dept1,1,63.49
232,dept4,1,18.35
233,dept1,1,39.03
234,dept4,1,60.19
235,dept1,1,81.61
236,dept3,1,21.43
237,dept4,1,23.97
238,dept1,1,15.34
239,dept1,1,22.38
240,dept3,1,61.39
241,dept4,1,36.17
242,dept3,1,18.93
243,dept2,1,63.75
244,dept1,1,43.32
245,dept3,1,37.41
246,dept4,1,35.81
247,dept1,1,60.96
248,dept2,1,94.88
249,dept1,1,99.62
250,dept1,1,23.39
251,dept2,1,95.83
252,dept4,1,4.33
253,dept1,1,91.84
254,dept4,1,32.44
255,dept4,1,18.11
256,dept3,1,4.03
257,dept1,1,87.64
258,dept3,1,63.23
259,dept4,1,40.21
260,dept2,1,35.82
261,dept1,1,17.95
262,dept1,1,29.95
263,dept4,1,92.94
264,dept4,1,61.03
265,dept2,1,46.91
266,dept1,1,1.18
267,dept3,1,22.98
268,dept3,1,63.19
269,dept2,1,80.41
270,dept3,1,8.59
271,dept1,1,94.76
272,dept1,1,84.7
273,dept2,1,87.2
274,dept3,1,45.37
275,dept4,1,16.18
276,dept2,1,43.19
277,dept1,1,97.34
278,dept2,1,65.91
279,dept2,1,94.24
280,dept4,1,70.44
281,dept1,1,84.11
282,dept4,1,39.38
283,dept4,1,33.65
284,dept2,1,92.52
285,dept2,1,33.28
286,dept1,1,54.16
287,dept1,1,48.89
288,dept4,1,65.31
289,dept3,1,34.91
290,dept4,1,84.79
291,dept2,1,84.93
292,dept1,1,90.39
293,dept2,1,1.58
294,dept2,1,68.3
295,dept1,1,84.14
296,dept2,1,28.45
297,dept1,1,58.73
298,dept2,1,38.91
299,dept3,1,63.12
300,dept1,1,73.75
301,dept2,1,64.36
302,dept4,1,35.17
303,dept2,1,87.89
304,dept1,1,28.74
305,dept2,1,42.78
306,dept1,1,77.56
307,dept4,1,77.73
308,dept4,1,28.59
309,dept1,1,80.7
310,dept3,1,14.77
311,dept2,1,68.29
312,dept4,1,62.84
313,dept2,1,42.4
314,dept3,1,12.2
315,dept2,1,91.7
316,dept4,1,88.59
317,dept1,1,45.29
318,dept2,1,75.65
319,dept2,1,13.25
320,dept3,1,12.31
321,dept2,1,36.04
322,dept2,1,30.23
323,dept4,1,37.66
324,dept1,1,15.58
325,dept2,1,55.15
326,dept4,1,72.11
327,dept1,1,9.08
328,dept1,1,94.02
329,dept3,1,20.94
330,dept3,1,51.07
331,dept3,1,43.29
332,dept2,1,53.31
333,dept2,1,67.28
334,dept4,1,59.02
335,dept4,1,40.02
336,dept4,1,32.93
337,dept1,1,43.39
338,dept3,1,56.37
339,dept2,1,30.61
340,dept3,1,99.78
341,dept4,1,37.39
342,dept2,1,33.21
343,dept2,1,31.51
344,dept4,1,6.66
345,dept4,1,44.29
346,dept3,1,41.28
347,dept4,1,92.56
348,dept2,1,87.84
349,dept3,1,42.86
350,dept4,1,92.22
351,dept1,1,91.22
352,dept4,1,9.61
353,dept1,1,40.17
354,dept2,1,54.59
355,dept2,1,63.74
356,dept4,1,57.98
357,dept2,1,38.71
358,dept3,1,6.11
359,dept2,1,22.94
360,dept2,1,54.66
361,dept4,1,91.65
362,dept2,1,31.85
363,dept1,1,68.37
364,dept1,1,26.07
365,dept3,1,58.45
366,dept2,1,58.13
367,dept1,1,25.54
368,dept4,1,79.46
369,dept4,1,38.16
370,dept3,1,39.64
371,dept2,1,13.46
372,dept2,1,73.89
373,dept3,1,32.72
374,dept4,1,99.51
375,dept3,1,25.35
376,dept1,1,70.86
377,dept4,1,55.08
378,dept2,1,73.48
379,dept1,1,73.77
380,dept2,1,50.43
381,dept4,1,75.6
382,dept3,1,43.46
383,dept4,1,60.35
384,dept2,1,43.97
385,dept1,1,34.35
386,dept1,1,52.15
387,dept3,1,70.06
388,dept2,1,77.73
389,dept4,1,83.47
390,dept4,1,77.27
391,dept4,1,66.06
392,dept4,1,94.84
393,dept1,1,67.57
394,dept3,1,19.07
395,dept4,1,95.78
396,dept2,1,99.91
397,dept4,1,1.81
398,dept2,1,9.1
399,dept2,1,27.66
400,dept4,1,15.61
401,dept2,1,88.86
402,dept4,1,29.27
403,dept2,1,82.77
404,dept4,1,86.23
405,dept3,1,22.39
406,dept2,1,60.69
407,dept3,1,94.77
408,dept3,1,18.57
409,dept2,1,23.9
410,dept4,1,86.08
411,dept2,1,26.3
412,dept3,1,12.95
413,dept3,1,69.54
414,dept2,1,81.39
415,dept1,1,97.08
416,dept3,1,93.5
417,dept2,1,25.23
418,dept1,1,47.96
419,dept2,1,71.85
420,dept4,1,99.89
421,dept4,1,50.75
422,dept1,1,76.64
423,dept2,1,65.38
424,dept3,1,85.1
425,dept4,1,69.01
426,dept4,1,19.62
427,dept1,1,66.32
428,dept4,1,49.31
429,dept1,1,29.55
430,dept4,1,15.2
431,dept1,1,73.64
432,dept1,1,12.98
433,dept4,1,51.56
434,dept1,1,11.47
435,dept3,1,11.73
436,dept3,1,3.18
437,dept1,1,68.12
438,dept1,1,7.31
439,dept4,1,73.5
440,dept3,1,49.74
441,dept3,1,89.25
442,dept3,1,4.9
443,dept1,1,50.35
444,dept2,1,39.33
445,dept2,1,73.58
446,dept3,1,3.47
447,dept2,1,31.5
448,dept1,1,5.67
449,dept4,1,59.27
450,dept4,1,67.46
451,dept1,1,74.85
452,dept3,1,94.73
453,dept4,1,14.23
454,dept1,1,43.45
455,dept2,1,4.06
456,dept3,1,64.05
457,dept4,1,9.1
458,dept4,1,98.2
459,dept3,1,79.67
460,dept1,1,5.8
461,dept4,1,3.74
462,dept4,1,2.34
463,dept3,1,42.91
464,dept1,1,51.71
465,dept1,1,65.26
466,dept3,1,65.87
467,dept3,1,25.24
468,dept4,1,51.13
469,dept1,1,87.33
470,dept4,1,88.63
471,dept3,1,11.9
472,dept2,1,13.08
473,dept1,1,22.35
474,dept1,1,57.37
475,dept4,1,6.43
476,dept2,1,19.38
477,dept3,1,11.01
478,dept3,1,57.34
479,dept4,1,62.6
480,dept1,1,28.98
481,dept2,1,91.74
482,dept2,1,13.02
483,dept1,1,4.66
484,dept3,1,55.81
485,dept1,1,69.0
486,dept4,1,94.04
487,dept1,1,50.09
488,dept4,1,5.78
489,dept4,1,89.66
490,dept1,1,38.61
491,dept1,1,20.36
492,dept2,1,9.9
493,dept4,1,69.5
494,dept3,1,2.92
495,dept1,1,98.39
496,dept4,1,38.08
497,dept2,1,22.92
498,dept4,1,68.38
499,dept2,1,75.78
500,dept2,1,57.91
501,dept1,1,53.09
502,dept2,1,68.97
503,dept1,1,60.75
504,dept3,1,96.86
505,dept3,1,87.14
506,dept3,1,76.41
507,dept1,1,75.88
508,dept4,1,31.45
509,dept3,1,73.23
510,dept2,1,82.91
511,dept2,1,42.26
512,dept2,1,78.66
513,dept2,1,19.78
514,dept2,1,79.99
515,dept1,1,62.99
516,dept3,1,69.54
517,dept1,1,17.35
518,dept3,1,57.06
519,dept3,1,7.06
520,dept2,1,80.2
521,dept4,1,12.55
522,dept2,1,15.96
523,dept4,1,99.44
524,dept1,1,15.44
525,dept3,1,80.43
526,dept1,1,88.42
527,dept1,1,40.7
528,dept2,1,87.6
529,dept1,1,11.22
530,dept2,1,18.09
531,dept3,1,89.75
532,dept3,1,15.18
533,dept1,1,84.97
534,dept1,1,8.5
535,dept2,1,64.42
536,dept4,1,12.8
537,dept2,1,5.61
538,dept1,1,85.09
539,dept1,1,46.94
540,dept1,1,96.7
541,dept1,1,30.0
542,dept2,1,34.05
543,dept2,1,11.4
544,dept2,1,52.43
545,dept4,1,31.47
546,dept3,1,12.2
547,dept4,1,61.86
548,dept4,1,77.41
549,dept4,1,82.15
550,dept2,1,68.07
551,dept3,1,56.73
552,dept1,1,27.07
553,dept4,1,86.11
554,dept1,1,60.22
555,dept2,1,87.69
556,dept4,1,81.1
557,dept2,1,9.99
558,dept1,1,55.91
559,dept2,1,82.89
560,dept4,1,39.8
561,dept1,1,99.65
562,dept3,1,93.77
563,dept1,1,9.02
564,dept1,1,72.51
565,dept1,1,96.94
566,dept2,1,91.72
567,dept4,1,66.82
568,dept2,1,85.24
569,dept2,1,76.58
570,dept3,1,95.22
571,dept1,1,24.2
572,dept1,1,3.48
573,dept4,1,61.42
574,dept2,1,99.67
575,dept2,1,75.94
576,dept2,1,30.26
577,dept1,1,67.98
578,dept3,1,88.66
579,dept1,1,34.91
580,dept1,1,1.35
581,dept3,1,10.06
582,dept1,1,39.72
583,dept1,1,35.37
584,dept3,1,53.87
585,dept1,1,19.05
586,dept2,1,30.76
587,dept2,1,98.91
588,dept2,1,3.18
589,dept2,1,95.65
590,dept1,1,64.8
591,dept2,1,99.99
592,dept2,1,6.02
593,dept2,1,79.67
594,dept1,1,82.18
595,dept1,1,47.56
596,dept3,1,29.41
597,dept2,1,37.63
598,dept3,1,53.16
599,dept2,1,94.86
600,dept3,1,28.11
601,dept1,1,80.92
602,dept1,1,32.23
603,dept2,1,2.84
604,dept4,1,36.11
605,dept3,1,86.73
606,dept3,1,56.21
607,dept3,1,34.45
608,dept1,1,65.05
609,dept3,1,48.01
610,dept2,1,48.25
611,dept1,1,20.53
612,dept4,1,31.18
613,dept1,1,40.26
614,dept1,1,76.76
615,dept3,1,49.81
616,dept3,1,74.67
617,dept3,1,53.23
618,dept2,1,19.47
619,dept2,1,43.23
620,dept2,1,65.1
621,dept2,1,55.52
622,dept4,1,14.72
623,dept3,1,33.72
624,dept2,1,2.35
625,dept2,1,40.37
626,dept4,1,13.43
627,dept3,1,26.73
628,dept4,1,63.64
629,dept1,1,34.73
630,dept2,1,89.04
631,dept1,1,36.26
632,dept2,1,62.91
633,dept3,1,39.68
634,dept1,1,51.75
635,dept4,1,88.67
636,dept1,1,10.32
637,dept1,1,27.16
638,dept4,1,67.5
639,dept1,1,9.01
640,dept3,1,46.25
641,dept4,1,61.6
642,dept4,1,72.95
643,dept1,1,93.17
644,dept4,1,22.55
645,dept1,1,54.64
646,dept1,1,7.32
647,dept4,1,48.24
648,dept3,1,78.04
649,dept4,1,79.16
650,dept2,1,12.73
651,dept3,1,94.86
652,dept4,1,79.32
653,dept2,1,73.34
654,dept1,1,35.21
655,dept4,1,98.06
656,dept4,1,70.47
657,dept1,1,75.5
658,dept2,1,5.41
659,dept1,1,6.66
660,dept4,1,45.53
661,dept3,1,20.17
662,dept1,1,30.19
663,dept3,1,68.85
664,dept1,1,16.12
665,dept1,1,44.04
666,dept2,1,72.25
667,dept1,1,17.31
668,dept3,1,78.29
669,dept3,1,46.79
670,dept1,1,81.49
671,dept4,1,18.51
672,dept1,1,54.49
673,dept3,1,32.43
674,dept1,1,69.06
675,dept1,1,7.48
676,dept4,1,58.34
677,dept1,1,25.51
678,dept2,1,67.52
679,dept4,1,50.62
680,dept4,1,40.04
681,dept3,1,34.87
682,dept3,1,42.17
683,dept4,1,1.04
684,dept4,1,69.83
685,dept3,1,19.56
686,dept4,1,98.67
687,dept1,1,26.83
688,dept1,1,51.16
689,dept2,1,21.12
690,dept4,1,32.43
691,dept4,1,25.31
692,dept4,1,54.91
693,dept4,1,94.52
694,dept1,1,99.54
695,dept4,1,62.42
696,dept3,1,31.44
697,dept4,1,57.47
698,dept3,1,72.35
699,dept3,1,20.73
700,dept4,1,37.94
701,dept2,1,95.12
702,dept3,1,68.79
703,dept4,1,9.93
704,dept4,1,56.74
705,dept2,1,6.38
706,dept4,1,25.93
707,dept2,1,86.7
708,dept1,1,29.93
709,dept1,1,86.29
710,dept4,1,13.46
711,dept4,1,76.69
712,dept3,1,28.67
713,dept4,1,91.93
714,dept2,1,73.34
715,dept3,1,46.65
716,dept2,1,9.85
717,dept4,1,80.68
718,dept4,1,73.68
719,dept1,1,44.1
720,dept3,1,11.9
721,dept3,1,24.68
722,dept1,1,54.2
723,dept4,1,48.48
724,dept4,1,58.39
725,dept3,1,82.56
726,dept1,1,40.99
727,dept1,1,86.07
728,dept2,1,44.34
729,dept1,1,76.73
730,dept4,1,62.99
731,dept1,1,24.94
732,dept1,1,93.92
733,dept2,1,61.52
734,dept1,1,45.24
735,dept4,1,3.41
736,dept2,1,39.96
737,dept4,1,42.57
738,dept3,1,16.62
739,dept2,1,26.73
740,dept2,1,51.6
741,dept1,1,11.69
742,dept4,1,36.1
743,dept3,1,33.33
744,dept2,1,13.67
745,dept2,1,41.76
746,dept3,1,29.89
747,dept2,1,16.72
748,dept1,1,13.9
749,dept2,1,42.67
750,dept1,1,72.86
751,dept3,1,30.8
752,dept2,1,20.23
753,dept2,1,25.21
754,dept3,1,42.08
755,dept4,1,2.14
756,dept1,1,50.6
757,dept2,1,99.79
758,dept1,1,20.11
759,dept4,1,42.35
760,dept4,1,17.22
761,dept4,1,72.07
762,dept2,1,84.73
763,dept3,1,70.15
764,dept3,1,24.15
765,dept4,1,20.68
766,dept2,1,25.78
767,dept4,1,70.77
768,dept4,1,37.69
769,dept3,1,11.01
770,dept4,1,47.16
771,dept1,1,32.11
772,dept3,1,2.8
773,dept3,1,67.1
774,dept3,1,84.8
775,dept2,1,66.36
776,dept4,1,59.02
777,dept3,1,2.49
778,dept1,1,97.07
779,dept3,1,71.76
780,dept4,1,60.6
781,dept2,1,70.63
782,dept2,1,44.08
783,dept2,1,85.12
784,dept1,1,68.9
785,dept3,1,85.06
786,dept3,1,19.97
787,dept2,1,44.29
788,dept3,1,37.64
789,dept4,1,11.15
790,dept2,1,57.53
791,dept2,1,97.76
792,dept4,1,37.43
793,dept1,1,3.75
794,dept4,1,37.88
795,dept4,1,69.76
796,dept4,1,64.48
797,dept1,1,95.56
798,dept2,1,25.66
799,dept4,1,25.73
800,dept4,1,77.47
801,dept4,1,1.97
802,dept4,1,82.66
803,dept3,1,62.96
804,dept2,1,34.13
805,dept2,1,93.65
806,dept1,1,69.31
807,dept3,1,10.14
808,dept4,1,33.34
809,dept4,1,50.28
810,dept1,1,15.46
811,dept4,1,97.15
812,dept3,1,96.79
813,dept4,1,67.14
814,dept4,1,35.39
815,dept4,1,5.63
816,dept2,1,91.37
817,dept1,1,28.72
818,dept4,1,23.82
819,dept1,1,28.77
820,dept3,1,15.77
821,dept2,1,11.08
822,dept3,1,25.16
823,dept3,1,96.48
824,dept4,1,50.77
825,dept3,1,98.27
826,dept3,1,96.34
827,dept3,1,40.15
828,dept3,1,2.1
829,dept2,1,59.02
830,dept4,1,20.37
831,dept3,1,27.88
832,dept4,1,73.1
833,dept3,1,19.86
834,dept1,1,17.85
835,dept4,1,8.35
836,dept2,1,50.62
837,dept1,1,2.0
838,dept3,1,6.33
839,dept3,1,84.72
840,dept2,1,81.49
841,dept3,1,89.71
842,dept3,1,79.87
843,dept1,1,39.79
844,dept4,1,3.31
845,dept3,1,63.95
846,dept2,1,19.31
847,dept3,1,1.12
848,dept2,1,30.11
849,dept3,1,13.15
850,dept3,1,67.46
851,dept2,1,60.52
852,dept2,1,42.99
853,dept4,1,63.05
854,dept3,1,78.15
855,dept3,1,23.02
856,dept3,1,56.48
857,dept4,1,94.88
858,dept2,1,61.35
859,dept2,1,83.85
860,dept3,1,13.89
861,dept2,1,69.97
862,dept3,1,67.81
863,dept4,1,10.74
864,dept4,1,42.91
865,dept3,1,70.43
866,dept3,1,47.44
867,dept3,1,65.84
868,dept1,1,86.82
869,dept1,1,13.57
870,dept4,1,32.24
871,dept2,1,50.8
872,dept3,1,56.94
873,dept2,1,74.12
874,dept4,1,95.73
875,dept1,1,96.87
876,dept3,1,9.95
877,dept1,1,23.46
878,dept1,1,87.89
879,dept4,1,45.74
880,dept3,1,92.41
881,dept3,1,47.99
882,dept3,1,35.64
883,dept3,1,93.98
884,dept3,1,86.15
885,dept3,1,3.75
886,dept3,1,9.36
887,dept3,1,29.54
888,dept4,1,63.86
889,dept1,1,34.55
890,dept2,1,96.29
891,dept1,1,36.04
892,dept4,1,24.96
893,dept4,1,4.27
894,dept2,1,27.05
895,dept3,1,90.55
896,dept4,1,21.61
897,dept3,1,52.01
898,dept3,1,47.61
899,dept4,1,27.78
900,dept2,1,76.61
901,dept3,1,39.59
902,dept3,1,80.27
903,dept1,1,67.59
904,dept1,1,64.47
905,dept1,1,60.53
906,dept1,1,17.54
907,dept1,1,61.54
908,dept2,1,65.07
909,dept4,1,88.51
910,dept2,1,78.72
911,dept1,1,75.89
912,dept2,1,20.95
913,dept4,1,97.08
914,dept2,1,41.21
915,dept1,1,70.94
916,dept1,1,12.92
917,dept1,1,54.19
918,dept1,1,31.01
919,dept1,1,30.24
920,dept1,1,82.45
921,dept1,1,5.48
922,dept2,1,67.2
923,dept3,1,14.95
924,dept4,1,59.99
925,dept4,1,40.91
926,dept2,1,39.2
927,dept4,1,92.82
928,dept3,1,62.72
929,dept4,1,8.36
930,dept4,1,4.37
931,dept4,1,89.92
932,dept1,1,82.61
933,dept3,1,12.46
934,dept3,1,50.49
935,dept3,1,82.05
936,dept1,1,66.6
937,dept4,1,23.43
938,dept3,1,41.94
939,dept3,1,94.01
940,dept2,1,75.13
941,dept1,1,64.23
942,dept4,1,46.28
943,dept1,1,85.77
944,dept2,1,33.62
945,dept3,1,13.65
946,dept4,1,96.73
947,dept1,1,12.39
948,dept2,1,19.47
949,dept3,1,60.48
950,dept3,1,8.06
951,dept1,1,53.22
952,dept2,1,38.31
953,dept4,1,73.62
954,dept3,1,71.96
955,dept4,1,58.24
956,dept3,1,2.31
957,dept2,1,79.59
958,dept3,1,13.16
959,dept4,1,74.26
960,dept1,1,54.65
961,dept4,1,97.7
962,dept1,1,53.18
963,dept1,1,79.88
964,dept2,1,58.2
965,dept3,1,82.56
966,dept4,1,12.13
967,dept2,1,99.39
968,dept1,1,14.83
969,dept4,1,8.3
970,dept3,1,69.15
971,dept2,1,13.32
972,dept4,1,68.49
973,dept1,1,30.89
974,dept4,1,50.14
975,dept4,1,60.26
976,dept3,1,52.03
977,dept1,1,47.46
978,dept4,1,37.34
979,dept2,1,24.42
980,dept4,1,77.28
981,dept2,1,23.23
982,dept4,1,78.8
983,dept4,1,64.99
984,dept1,1,35.76
985,dept4,1,7.23
986,dept3,1,15.74
987,dept1,1,80.21
988,dept2,1,35.93
989,dept2,1,6.79
990,dept3,1,88.19
991,dept3,1,86.62
992,dept3,1,99.95
993,dept2,1,10.71
994,dept1,1,18.69
995,dept1,1,25.49
996,dept1,1,59.43
997,dept4,1,84.16
998,dept2,1,89.63
999,dept4,1,12.97
1000,dept4,1,30.41
1,dept1,2,9.68
2,dept4,2,77.24
3,dept1,2,21.69
4,dept2,2,76.33
5,dept3,2,61.69
6,dept2,2,3.66
7,dept3,2,8.71
8,dept3,2,99.88
9,dept2,2,25.58
10,dept3,2,41.35
11,dept1,2,84.85
12,dept3,2,86.97
13,dept4,2,17.1
14,dept3,2,61.25
15,dept4,2,59.39
16,dept1,2,85.78
17,dept2,2,12.85
18,dept4,2,19.07
19,dept2,2,58.27
20,dept2,2,79.47
21,dept3,2,65.56
22,dept4,2,17.56
23,dept2,2,20.69
24,dept4,2,28.37
25,dept3,2,78.98
26,dept2,2,98.91
27,dept2,2,50.71
28,dept2,2,16.62
29,dept3,2,96.51
30,dept1,2,82.17
31,dept2,2,23.9
32,dept3,2,21.8
33,dept1,2,51.96
34,dept4,2,4.07
35,dept4,2,3.11
36,dept1,2,19.32
37,dept2,2,36.33
38,dept3,2,45.49
39,dept3,2,51.18
40,dept4,2,71.8
41,dept3,2,42.49
42,dept3,2,33.41
43,dept4,2,83.28
44,dept1,2,74.4
45,dept1,2,61.89
46,dept4,2,79.08
47,dept1,2,91.51
48,dept1,2,89.98
49,dept3,2,99.47
50,dept3,2,95.68
51,dept3,2,3.04
52,dept1,2,57.77
53,dept2,2,42.57
54,dept4,2,32.77
55,dept4,2,72.87
56,dept2,2,90.99
57,dept4,2,5.45
58,dept1,2,81.26
59,dept2,2,21.36
60,dept3,2,69.8
61,dept1,2,2.0
62,dept1,2,84.33
63,dept2,2,85.78
64,dept3,2,74.81
65,dept2,2,32.43
66,dept4,2,85.39
67,dept1,2,32.43
68,dept2,2,63.71
69,dept4,2,54.48
70,dept4,2,9.45
71,dept1,2,6.6
72,dept3,2,29.71
73,dept4,2,53.66
74,dept1,2,96.15
75,dept2,2,5.99
76,dept2,2,68.92
77,dept4,2,25.96
78,dept4,2,16.6
79,dept3,2,91.5
80,dept1,2,91.28
81,dept1,2,39.98
82,dept1,2,53.93
83,dept2,2,72.33
84,dept4,2,57.83
85,dept1,2,36.43
86,dept4,2,73.82
87,dept2,2,10.12
88,dept4,2,76.47
89,dept4,2,90.47
90,dept2,2,4.85
91,dept4,2,60.64
92,dept2,2,21.69
93,dept1,2,83.47
94,dept4,2,99.65
95,dept4,2,55.93
96,dept2,2,98.43
97,dept4,2,43.01
98,dept4,2,68.96
99,dept2,2,56.53
100,dept2,2,52.95
101,dept2,2,92.86
102,dept4,2,85.89
103,dept4,2,37.43
104,dept1,2,37.36
105,dept4,2,66.31
106,dept1,2,61.79
107,dept4,2,4.6
108,dept1,2,32.09
109,dept4,2,86.67
110,dept3,2,49.62
111,dept3,2,46.1
112,dept2,2,52.68
113,dept4,2,78.0
114,dept3,2,44.6
115,dept1,2,74.82
116,dept3,2,4.13
117,dept2,2,54.24
118,dept4,2,97.6
119,dept4,2,6.76
120,dept4,2,81.21
121,dept3,2,35.86
122,dept4,2,89.22
123,dept3,2,45.76
124,dept4,2,36.83
125,dept1,2,22.37
126,dept3,2,43.62
127,dept1,2,21.82
128,dept4,2,51.82
129,dept3,2,5.57
130,dept1,2,47.22
131,dept1,2,24.27
132,dept2,2,17.86
133,dept4,2,50.06
134,dept4,2,13.25
135,dept3,2,97.53
136,dept4,2,71.99
137,dept1,2,83.8
138,dept4,2,25.15
139,dept3,2,26.88
140,dept4,2,66.28
141,dept2,2,98.63
142,dept2,2,14.8
143,dept4,2,86.48
144,dept1,2,10.3
145,dept1,2,23.03
146,dept3,2,67.22
147,dept1,2,59.79
148,dept2,2,12.44
149,dept3,2,21.78
150,dept1,2,83.02
151,dept1,2,8.29
152,dept1,2,82.24
153,dept2,2,41.07
154,dept1,2,65.26
155,dept4,2,84.08
156,dept1,2,84.79
157,dept3,2,75.72
158,dept2,2,62.89
159,dept2,2,54.65
160,dept2,2,94.72
161,dept3,2,59.73
162,dept3,2,67.19
163,dept3,2,90.33
164,dept1,2,42.17
165,dept3,2,5.94
166,dept3,2,58.69
167,dept1,2,27.62
168,dept2,2,71.1
169,dept3,2,95.66
170,dept2,2,24.72
171,dept1,2,85.69
172,dept1,2,41.53
173,dept3,2,26.33
174,dept1,2,60.09
175,dept1,2,77.65
176,dept4,2,4.87
177,dept3,2,62.03
178,dept1,2,23.42
179,dept3,2,5.48
180,dept1,2,26.45
181,dept1,2,88.23
182,dept1,2,75.8
183,dept4,2,72.14
184,dept4,2,19.19
185,dept1,2,79.22
186,dept3,2,60.85
187,dept2,2,45.38
188,dept1,2,72.55
189,dept4,2,41.24
190,dept4,2,70.78
191,dept2,2,7.36
192,dept1,2,59.43
193,dept2,2,82.11
194,dept2,2,73.99
195,dept2,2,94.53
196,dept4,2,44.79
197,dept3,2,47.7
198,dept1,2,6.87
199,dept3,2,1.96
200,dept2,2,51.5
201,dept1,2,40.57
202,dept1,2,98.34
203,dept4,2,4.88
204,dept4,2,73.07
205,dept3,2,83.04
206,dept2,2,32.34
207,dept3,2,21.14
208,dept3,2,5.5
209,dept1,2,36.83
210,dept4,2,15.41
211,dept3,2,54.33
212,dept2,2,20.72
213,dept3,2,24.36
214,dept2,2,47.1
215,dept2,2,36.61
216,dept2,2,64.83
217,dept3,2,16.22
218,dept1,2,55.45
219,dept1,2,79.5
220,dept1,2,17.03
221,dept3,2,91.66
222,dept3,2,40.41
223,dept2,2,49.76
224,dept2,2,56.48
225,dept3,2,6.39
226,dept4,2,98.1
227,dept2,2,2.41
228,dept2,2,23.82
229,dept1,2,14.79
230,dept2,2,15.4
231,dept2,2,1.54
232,dept4,2,15.98
233,dept4,2,69.01
234,dept4,2,73.2
235,dept3,2,33.34
236,dept1,2,37.07
237,dept1,2,14.57
238,dept2,2,10.57
239,dept4,2,82.92
240,dept4,2,10.97
241,dept3,2,85.54
242,dept4,2,8.64
243,dept1,2,6.13
244,dept2,2,36.32
245,dept2,2,18.94
246,dept4,2,9.05
247,dept4,2,19.02
248,dept1,2,68.09
249,dept4,2,15.05
250,dept3,2,72.07
251,dept1,2,28.42
252,dept2,2,47.99
253,dept2,2,36.74
254,dept2,2,95.93
255,dept3,2,65.43
256,dept3,2,59.5
257,dept2,2,3.51
258,dept4,2,56.41
259,dept1,2,43.53
260,dept1,2,24.62
261,dept4,2,24.1
262,dept1,2,76.89
263,dept1,2,8.3
264,dept2,2,62.32
265,dept4,2,65.28
266,dept4,2,54.19
267,dept1,2,4.23
268,dept4,2,35.68
269,dept4,2,96.92
270,dept2,2,79.97
271,dept2,2,77.61
272,dept4,2,88.83
273,dept3,2,29.05
274,dept3,2,25.74
275,dept2,2,67.16
276,dept4,2,92.64
277,dept1,2,40.4
278,dept3,2,47.65
279,dept2,2,7.69
280,dept3,2,26.28
281,dept2,2,23.06
282,dept4,2,12.63
283,dept2,2,97.34
284,dept2,2,99.48
285,dept3,2,85.79
286,dept4,2,21.81
287,dept2,2,37.83
288,dept1,2,59.65
289,dept4,2,64.95
290,dept4,2,1.75
291,dept1,2,74.13
292,dept1,2,52.34
293,dept3,2,93.2
294,dept1,2,66.19
295,dept3,2,73.02
296,dept2,2,92.56
297,dept4,2,66.25
298,dept2,2,76.91
299,dept2,2,79.31
300,dept4,2,63.05
301,dept1,2,95.26
302,dept4,2,23.26
303,dept3,2,2.25
304,dept2,2,41.86
305,dept1,2,78.9
306,dept3,2,57.58
307,dept4,2,63.45
308,dept1,2,3.38
309,dept4,2,93.83
310,dept1,2,15.9
311,dept1,2,13.24
312,dept3,2,6.09
313,dept1,2,96.12
314,dept3,2,50.41
315,dept2,2,76.32
316,dept4,2,59.38
317,dept1,2,56.2
318,dept1,2,75.22
319,dept1,2,53.66
320,dept3,2,2.95
321,dept1,2,1.1
322,dept2,2,66.75
323,dept4,2,40.61
324,dept3,2,20.42
325,dept1,2,52.33
326,dept3,2,48.45
327,dept4,2,90.17
328,dept3,2,61.37
329,dept4,2,28.67
330,dept1,2,71.1
331,dept1,2,1.55
332,dept2,2,87.8
333,dept4,2,50.3
334,dept2,2,3.1
335,dept2,2,35.12
336,dept4,2,43.07
337,dept2,2,94.26
338,dept4,2,47.42
339,dept3,2,38.73
340,dept1,2,13.34
341,dept4,2,20.19
342,dept3,2,29.84
343,dept4,2,59.95
344,dept2,2,76.08
345,dept1,2,12.05
346,dept1,2,27.36
347,dept2,2,3.85
348,dept1,2,35.5
349,dept2,2,69.26
350,dept3,2,25.67
351,dept4,2,92.89
352,dept3,2,7.11
353,dept4,2,80.2
354,dept1,2,44.77
355,dept2,2,64.52
356,dept3,2,77.57
357,dept3,2,59.14
358,dept1,2,10.3
359,dept2,2,20.52
360,dept3,2,44.17
361,dept4,2,4.67
362,dept1,2,35.82
363,dept4,2,41.93
364,dept3,2,55.98
365,dept1,2,45.48
366,dept2,2,26.55
367,dept2,2,38.08
368,dept3,2,78.74
369,dept2,2,68.33
370,dept4,2,37.91
371,dept2,2,76.44
372,dept2,2,17.35
373,dept3,2,60.39
374,dept1,2,47.78
375,dept3,2,44.16
376,dept1,2,53.85
377,dept4,2,61.61
378,dept3,2,6.0
379,dept4,2,21.63
380,dept3,2,64.03
381,dept4,2,12.54
382,dept2,2,20.76
383,dept1,2,33.63
384,dept2,2,4.39
385,dept2,2,16.18
386,dept2,2,75.52
387,dept1,2,7.97
388,dept2,2,51.52
389,dept3,2,56.08
390,dept4,2,4.27
391,dept4,2,88.9
392,dept2,2,94.42
393,dept2,2,71.07
394,dept1,2,7.85
395,dept1,2,62.35
396,dept4,2,62.11
397,dept2,2,67.92
398,dept2,2,28.87
399,dept4,2,77.81
400,dept2,2,17.23
401,dept1,2,92.23
402,dept1,2,55.04
403,dept3,2,13.07
404,dept1,2,20.55
405,dept1,2,73.4
406,dept1,2,2.4
407,dept2,2,62.89
408,dept1,2,56.07
409,dept1,2,6.13
410,dept1,2,20.32
411,dept4,2,69.2
412,dept1,2,84.62
413,dept3,2,13.76
414,dept3,2,67.75
415,dept4,2,77.24
416,dept2,2,91.25
417,dept2,2,2.67
418,dept2,2,9.97
419,dept1,2,23.89
420,dept2,2,73.05
421,dept4,2,1.45
422,dept2,2,60.03
423,dept2,2,48.64
424,dept1,2,39.28
425,dept2,2,66.36
426,dept2,2,47.72
427,dept1,2,82.92
428,dept2,2,29.9
429,dept3,2,93.05
430,dept2,2,76.53
431,dept3,2,24.12
432,dept1,2,47.61
433,dept3,2,6.24
434,dept3,2,20.27
435,dept1,2,68.61
436,dept3,2,43.24
437,dept2,2,86.99
438,dept1,2,99.48
439,dept4,2,22.78
440,dept4,2,70.57
441,dept4,2,25.57
442,dept4,2,15.2
443,dept3,2,25.19
444,dept3,2,71.02
445,dept3,2,15.48
446,dept3,2,94.99
447,dept1,2,99.22
448,dept3,2,73.4
449,dept1,2,53.38
450,dept2,2,40.01
451,dept2,2,74.7
452,dept1,2,31.96
453,dept4,2,74.05
454,dept4,2,99.86
455,dept3,2,79.56
456,dept1,2,93.96
457,dept3,2,18.65
458,dept2,2,94.8
459,dept2,2,69.31
460,dept2,2,87.42
461,dept3,2,53.14
462,dept3,2,46.97
463,dept1,2,66.5
464,dept3,2,6.95
465,dept2,2,81.89
466,dept2,2,81.24
467,dept3,2,56.34
468,dept2,2,32.79
469,dept2,2,3.48
470,dept3,2,20.49
471,dept3,2,5.71
472,dept4,2,98.04
473,dept3,2,94.37
474,dept2,2,9.37
475,dept4,2,65.85
476,dept4,2,73.97
477,dept4,2,78.36
478,dept1,2,13.87
479,dept2,2,63.27
480,dept3,2,16.1
481,dept1,2,71.37
482,dept4,2,67.67
483,dept4,2,69.08
484,dept1,2,13.4
485,dept4,2,82.97
486,dept1,2,17.04
487,dept2,2,25.57
488,dept2,2,82.5
489,dept4,2,39.66
490,dept2,2,24.37
491,dept3,2,72.06
492,dept3,2,21.82
493,dept3,2,16.02
494,dept1,2,83.73
495,dept1,2,31.95
496,dept1,2,71.33
497,dept3,2,91.39
498,dept3,2,99.13
499,dept3,2,69.3
500,dept1,2,22.65
501,dept4,2,57.22
502,dept4,2,52.38
503,dept3,2,28.65
504,dept2,2,63.77
505,dept1,2,11.18
506,dept2,2,69.54
507,dept4,2,74.46
508,dept3,2,21.89
509,dept4,2,87.27
510,dept3,2,21.78
511,dept4,2,22.97
512,dept4,2,79.4
513,dept2,2,54.17
514,dept1,2,37.51
515,dept4,2,85.08
516,dept1,2,87.63
517,dept3,2,17.58
518,dept1,2,56.94
519,dept4,2,70.33
520,dept1,2,88.73
521,dept2,2,12.97
522,dept4,2,42.65
523,dept3,2,63.72
524,dept4,2,66.51
525,dept3,2,73.83
526,dept4,2,57.56
527,dept4,2,91.72
528,dept4,2,82.18
529,dept1,2,60.34
530,dept4,2,84.3
531,dept1,2,82.64
532,dept1,2,8.08
533,dept4,2,31.17
534,dept2,2,23.94
535,dept1,2,78.56
536,dept4,2,97.47
537,dept3,2,39.14
538,dept4,2,66.2
539,dept4,2,32.51
540,dept2,2,44.96
541,dept4,2,21.51
542,dept2,2,30.47
543,dept3,2,5.83
544,dept2,2,62.36
545,dept3,2,38.54
546,dept2,2,60.04
547,dept3,2,17.69
548,dept3,2,96.91
549,dept1,2,3.17
550,dept3,2,32.21
551,dept2,2,39.67
552,dept4,2,10.09
553,dept4,2,95.71
554,dept3,2,65.14
555,dept4,2,21.19
556,dept1,2,46.81
557,dept4,2,31.44
558,dept1,2,7.96
559,dept4,2,19.52
560,dept2,2,95.47
561,dept4,2,84.91
562,dept1,2,25.05
563,dept3,2,31.85
564,dept4,2,22.03
565,dept1,2,66.85
566,dept4,2,14.97
567,dept3,2,21.7
568,dept4,2,82.87
569,dept4,2,76.22
570,dept1,2,99.13
571,dept2,2,65.73
572,dept3,2,25.8
573,dept4,2,97.46
574,dept4,2,65.91
575,dept3,2,31.34
576,dept2,2,98.77
577,dept3,2,58.3
578,dept2,2,62.88
579,dept3,2,1.71
580,dept3,2,47.49
581,dept3,2,67.62
582,dept3,2,72.96
583,dept4,2,93.32
584,dept4,2,51.68
585,dept2,2,69.49
586,dept1,2,41.13
587,dept4,2,27.27
588,dept4,2,38.89
589,dept1,2,19.68
590,dept1,2,88.82
591,dept1,2,61.11
592,dept3,2,29.43
593,dept3,2,88.85
594,dept2,2,59.7
595,dept4,2,55.65
596,dept4,2,97.55
597,dept3,2,9.96
598,dept1,2,53.39
599,dept3,2,69.03
600,dept3,2,15.76
601,dept2,2,1.17
602,dept3,2,85.2
603,dept2,2,1.14
604,dept3,2,8.0
605,dept4,2,84.09
606,dept1,2,57.85
607,dept1,2,96.55
608,dept3,2,62.21
609,dept4,2,99.02
610,dept4,2,63.03
611,dept1,2,39.52
612,dept3,2,61.34
613,dept2,2,1.04
614,dept3,2,96.68
615,dept1,2,46.44
616,dept1,2,82.21
617,dept4,2,49.72
618,dept4,2,6.77
619,dept2,2,90.92
620,dept2,2,21.73
621,dept4,2,25.99
622,dept2,2,63.3
623,dept3,2,44.12
624,dept4,2,59.26
625,dept4,2,17.24
626,dept4,2,60.28
627,dept2,2,34.71
628,dept2,2,55.31
629,dept4,2,93.41
630,dept3,2,6.28
631,dept3,2,44.79
632,dept4,2,34.71
633,dept2,2,83.53
634,dept3,2,76.39
635,dept4,2,92.66
636,dept1,2,42.19
637,dept1,2,25.28
638,dept4,2,32.72
639,dept2,2,88.54
640,dept3,2,91.91
641,dept4,2,51.75
642,dept3,2,48.11
643,dept4,2,46.22
644,dept2,2,82.3
645,dept3,2,66.08
646,dept3,2,94.41
647,dept1,2,96.79
648,dept3,2,6.21
649,dept4,2,52.42
650,dept2,2,77.97
651,dept4,2,62.42
652,dept4,2,57.77
653,dept4,2,16.56
654,dept2,2,30.02
655,dept1,2,37.57
656,dept4,2,7.97
657,dept2,2,55.11
658,dept1,2,41.97
659,dept2,2,40.75
660,dept1,2,62.07
661,dept3,2,18.51
662,dept4,2,41.39
663,dept2,2,62.11
664,dept3,2,55.86
665,dept3,2,12.04
666,dept2,2,68.91
667,dept4,2,23.55
668,dept1,2,10.3
669,dept4,2,87.79
670,dept2,2,37.76
671,dept1,2,18.57
672,dept1,2,59.86
673,dept1,2,20.38
674,dept2,2,34.35
675,dept1,2,27.25
676,dept1,2,10.36
677,dept4,2,12.61
678,dept4,2,96.04
679,dept3,2,99.16
680,dept2,2,97.14
681,dept1,2,51.05
682,dept2,2,84.52
683,dept2,2,77.56
684,dept1,2,68.45
685,dept4,2,88.31
686,dept1,2,27.61
687,dept4,2,60.48
688,dept1,2,39.73
689,dept1,2,27.76
690,dept1,2,27.17
691,dept3,2,40.84
692,dept2,2,64.16
693,dept1,2,45.23
694,dept4,2,62.45
695,dept3,2,78.86
696,dept2,2,57.28
697,dept3,2,8.04
698,dept1,2,63.32
699,dept2,2,29.86
700,dept1,2,5.95
701,dept3,2,69.87
702,dept4,2,90.71
703,dept2,2,86.01
704,dept4,2,74.02
705,dept1,2,52.17
706,dept4,2,4.33
707,dept2,2,93.2
708,dept4,2,73.57
709,dept3,2,64.7
710,dept4,2,25.94
711,dept2,2,97.47
712,dept1,2,23.2
713,dept2,2,65.4
714,dept2,2,81.56
715,dept2,2,17.72
716,dept1,2,85.89
717,dept3,2,58.48
718,dept2,2,30.17
719,dept1,2,77.03
720,dept2,2,45.86
721,dept4,2,71.51
722,dept1,2,64.74
723,dept1,2,32.03
724,dept1,2,53.72
725,dept4,2,42.29
726,dept3,2,78.49
727,dept2,2,98.55
728,dept2,2,76.82
729,dept3,2,42.29
730,dept2,2,34.28
731,dept3,2,50.51
732,dept4,2,37.79
733,dept3,2,94.79
734,dept1,2,7.49
735,dept1,2,6.88
736,dept4,2,91.68
737,dept2,2,48.22
738,dept2,2,78.95
739,dept4,2,58.29
740,dept3,2,76.41
741,dept4,2,52.85
742,dept3,2,54.21
743,dept2,2,26.61
744,dept1,2,17.9
745,dept3,2,63.93
746,dept1,2,32.62
747,dept3,2,67.29
748,dept3,2,15.29
749,dept3,2,83.78
750,dept4,2,64.66
751,dept4,2,1.91
752,dept2,2,14.06
753,dept4,2,90.35
754,dept3,2,89.66
755,dept3,2,54.84
756,dept2,2,93.93
757,dept1,2,47.4
758,dept4,2,19.33
759,dept3,2,62.39
760,dept1,2,94.56
761,dept1,2,6.34
762,dept3,2,68.9
763,dept2,2,17.94
764,dept2,2,1.88
765,dept3,2,45.09
766,dept3,2,1.58
767,dept4,2,30.31
768,dept2,2,68.8
769,dept4,2,28.27
770,dept1,2,5.97
771,dept4,2,81.74
772,dept1,2,11.54
773,dept4,2,92.61
774,dept1,2,48.02
775,dept2,2,31.29
776,dept2,2,88.05
777,dept3,2,50.95
778,dept2,2,77.26
779,dept4,2,13.25
780,dept2,2,49.2
781,dept1,2,95.22
782,dept3,2,34.0
783,dept1,2,24.88
784,dept1,2,27.56
785,dept2,2,97.03
786,dept2,2,55.83
787,dept1,2,54.78
788,dept3,2,96.96
789,dept1,2,81.39
790,dept3,2,50.32
791,dept4,2,48.0
792,dept2,2,17.94
793,dept4,2,24.98
794,dept3,2,67.12
795,dept3,2,12.4
796,dept3,2,94.04
797,dept2,2,51.89
798,dept4,2,10.86
799,dept3,2,93.16
800,dept1,2,71.65
801,dept2,2,25.9
802,dept2,2,25.7
803,dept3,2,61.26
804,dept1,2,90.42
805,dept2,2,50.24
806,dept2,2,9.32
807,dept2,2,29.16
808,dept3,2,69.45
809,dept4,2,63.54
810,dept4,2,63.96
811,dept4,2,71.73
812,dept2,2,17.24
813,dept1,2,2.58
814,dept1,2,54.4
815,dept4,2,31.92
816,dept3,2,27.98
817,dept4,2,34.26
818,dept2,2,6.16
819,dept4,2,10.05
820,dept1,2,13.11
821,dept4,2,54.09
822,dept1,2,78.12
823,dept1,2,31.75
824,dept1,2,47.46
825,dept4,2,36.99
826,dept3,2,74.14
827,dept2,2,75.51
828,dept1,2,34.93
829,dept3,2,49.04
830,dept4,2,81.36
831,dept4,2,26.68
832,dept3,2,11.31
833,dept4,2,58.11
834,dept2,2,6.66
835,dept3,2,54.45
836,dept1,2,78.77
837,dept3,2,43.11
838,dept4,2,15.84
839,dept4,2,77.5
840,dept3,2,94.44
841,dept1,2,95.2
842,dept1,2,17.01
843,dept1,2,50.51
844,dept3,2,51.85
845,dept3,2,59.35
846,dept4,2,93.04
847,dept4,2,24.48
848,dept4,2,59.06
849,dept3,2,9.29
850,dept3,2,19.12
851,dept3,2,26.16
852,dept4,2,60.75
853,dept2,2,77.23
854,dept2,2,67.32
855,dept4,2,1.15
856,dept1,2,74.78
857,dept2,2,23.89
858,dept2,2,15.67
859,dept2,2,84.83
860,dept4,2,84.06
861,dept3,2,99.3
862,dept1,2,52.1
863,dept1,2,59.47
864,dept3,2,78.47
865,dept2,2,76.51
866,dept2,2,59.25
867,dept3,2,29.73
868,dept2,2,31.38
869,dept1,2,63.4
870,dept3,2,9.49
871,dept3,2,42.72
872,dept4,2,81.08
873,dept4,2,12.23
874,dept2,2,25.14
875,dept1,2,2.58
876,dept3,2,80.34
877,dept3,2,34.05
878,dept4,2,63.17
879,dept1,2,18.28
880,dept2,2,75.98
881,dept2,2,93.46
882,dept2,2,57.08
883,dept1,2,31.66
884,dept3,2,97.41
885,dept1,2,41.54
886,dept3,2,78.55
887,dept4,2,13.86
888,dept3,2,1.37
889,dept2,2,96.15
890,dept2,2,43.0
891,dept2,2,96.54
892,dept1,2,62.69
893,dept1,2,11.53
894,dept1,2,86.13
895,dept2,2,45.69
896,dept1,2,43.22
897,dept3,2,39.04
898,dept2,2,57.02
899,dept1,2,31.36
900,dept2,2,49.67
901,dept2,2,55.3
902,dept4,2,33.82
903,dept2,2,24.1
904,dept4,2,51.93
905,dept1,2,87.59
906,dept3,2,53.09
907,dept4,2,13.24
908,dept3,2,46.98
909,dept2,2,8.94
910,dept3,2,42.59
911,dept1,2,39.98
912,dept3,2,25.23
913,dept3,2,41.96
914,dept4,2,2.35
915,dept2,2,30.7
916,dept3,2,18.21
917,dept2,2,57.57
918,dept4,2,25.91
919,dept3,2,58.06
920,dept2,2,17.7
921,dept3,2,11.82
922,dept3,2,55.41
923,dept2,2,9.48
924,dept3,2,64.9
925,dept2,2,87.97
926,dept2,2,45.38
927,dept4,2,33.26
928,dept3,2,84.21
929,dept3,2,10.79
930,dept3,2,34.35
931,dept2,2,18.89
932,dept3,2,41.62
933,dept3,2,64.47
934,dept2,2,65.0
935,dept1,2,11.2
936,dept1,2,73.86
937,dept1,2,18.19
938,dept1,2,96.44
939,dept4,2,56.2
940,dept4,2,53.11
941,dept3,2,82.04
942,dept2,2,78.52
943,dept1,2,9.19
944,dept4,2,63.96
945,dept1,2,90.02
946,dept1,2,88.06
947,dept1,2,29.49
948,dept4,2,50.13
949,dept2,2,15.09
950,dept2,2,75.52
951,dept3,2,99.76
952,dept1,2,30.31
953,dept3,2,48.23
954,dept4,2,38.07
955,dept1,2,56.23
956,dept4,2,95.96
957,dept4,2,99.63
958,dept3,2,30.72
959,dept3,2,85.61
960,dept3,2,27.01
961,dept3,2,82.57
962,dept1,2,70.59
963,dept1,2,45.29
964,dept2,2,46.86
965,dept2,2,50.77
966,dept4,2,37.37
967,dept4,2,61.21
968,dept1,2,84.01
969,dept1,2,28.43
970,dept4,2,27.28
971,dept1,2,4.4
972,dept3,2,15.19
973,dept3,2,67.97
974,dept1,2,9.18
975,dept4,2,94.12
976,dept4,2,55.28
977,dept2,2,70.49
978,dept2,2,87.88
979,dept2,2,54.94
980,dept2,2,62.75
981,dept2,2,76.7
982,dept3,2,49.64
983,dept1,2,14.25
984,dept1,2,13.19
985,dept1,2,16.03
986,dept1,2,27.17
987,dept3,2,44.91
988,dept1,2,75.09
989,dept3,2,52.81
990,dept2,2,98.17
991,dept3,2,7.23
992,dept2,2,86.5
993,dept1,2,79.07
994,dept4,2,36.48
995,dept3,2,41.88
996,dept2,2,11.63
997,dept3,2,50.98
998,dept2,2,15.91
999,dept3,2,36.7
1000,dept3,2,3.87
1,dept2,3,28.26
2,dept2,3,45.55
3,dept2,3,77.98
4,dept1,3,23.52
5,dept2,3,45.65
6,dept3,3,69.78
7,dept2,3,26.63
8,dept3,3,59.67
9,dept3,3,94.24
10,dept2,3,14.34
11,dept3,3,48.22
12,dept2,3,34.76
13,dept1,3,74.03
14,dept3,3,54.54
15,dept3,3,71.89
16,dept3,3,89.77
17,dept3,3,35.94
18,dept1,3,85.71
19,dept4,3,19.54
20,dept1,3,90.54
21,dept1,3,78.05
22,dept3,3,74.35
23,dept3,3,14.13
24,dept3,3,99.82
25,dept1,3,20.31
26,dept1,3,96.88
27,dept3,3,1.92
28,dept2,3,12.56
29,dept3,3,96.65
30,dept4,3,11.34
31,dept2,3,20.2
32,dept2,3,14.77
33,dept1,3,32.72
34,dept3,3,36.95
35,dept4,3,51.67
36,dept1,3,57.05
37,dept3,3,39.14
38,dept4,3,91.64
39,dept2,3,85.21
40,dept4,3,21.19
41,dept3,3,86.08
42,dept4,3,15.26
43,dept4,3,90.29
44,dept3,3,68.15
45,dept3,3,70.77
46,dept4,3,13.84
47,dept1,3,68.5
48,dept1,3,69.12
49,dept4,3,47.04
50,dept3,3,25.85
51,dept3,3,69.97
52,dept2,3,34.34
53,dept1,3,33.32
54,dept3,3,76.27
55,dept2,3,1.21
56,dept3,3,34.26
57,dept1,3,10.65
58,dept2,3,71.34
59,dept4,3,35.07
60,dept4,3,31.5
61,dept1,3,86.45
62,dept2,3,58.94
63,dept3,3,65.24
64,dept2,3,31.23
65,dept3,3,11.56
66,dept4,3,35.96
67,dept3,3,77.25
68,dept4,3,3.39
69,dept4,3,16.51
70,dept1,3,39.58
71,dept2,3,3.09
72,dept4,3,79.36
73,dept2,3,2.43
74,dept4,3,11.24
75,dept2,3,12.42
76,dept1,3,12.01
77,dept3,3,25.72
78,dept3,3,79.04
79,dept4,3,75.6
80,dept4,3,74.91
81,dept4,3,42.71
82,dept2,3,27.99
83,dept3,3,56.14
84,dept3,3,84.82
85,dept3,3,66.59
86,dept1,3,43.84
87,dept2,3,67.41
88,dept2,3,72.56
89,dept1,3,15.74
90,dept3,3,21.79
91,dept1,3,98.54
92,dept2,3,85.51
93,dept2,3,8.03
94,dept4,3,19.67
95,dept3,3,49.25
96,dept2,3,3.17
97,dept3,3,25.51
98,dept2,3,3.17
99,dept2,3,74.62
100,dept2,3,77.46
101,dept1,3,70.28
102,dept4,3,80.51
103,dept1,3,87.99
104,dept4,3,11.37
105,dept4,3,78.55
106,dept2,3,54.41
107,dept1,3,35.31
108,dept3,3,85.24
109,dept2,3,45.57
110,dept3,3,1.2
111,dept4,3,89.01
112,dept2,3,79.32
113,dept2,3,26.01
114,dept3,3,35.47
115,dept4,3,17.64
116,dept3,3,54.21
117,dept3,3,18.26
118,dept2,3,81.77
119,dept3,3,77.09
120,dept2,3,18.81
121,dept1,3,93.16
122,dept1,3,52.76
123,dept1,3,29.17
124,dept3,3,91.58
125,dept4,3,31.23
126,dept3,3,32.72
127,dept4,3,11.01
128,dept1,3,56.91
129,dept3,3,71.63
130,dept4,3,38.3
131,dept2,3,72.11
132,dept1,3,72.35
133,dept1,3,14.01
134,dept4,3,34.66
135,dept4,3,81.04
136,dept3,3,49.8
137,dept1,3,99.18
138,dept4,3,61.07
139,dept3,3,65.78
140,dept1,3,41.81
141,dept2,3,62.81
142,dept4,3,37.32
143,dept4,3,15.63
144,dept1,3,90.59
145,dept4,3,40.01
146,dept2,3,7.76
147,dept1,3,30.02
148,dept3,3,49.87
149,dept1,3,46.54
150,dept3,3,86.38
151,dept4,3,50.08
152,dept1,3,69.56
153,dept1,3,37.05
154,dept3,3,56.34
155,dept1,3,89.16
156,dept2,3,95.33
157,dept3,3,66.51
158,dept1,3,83.68
159,dept2,3,3.29
160,dept1,3,26.25
161,dept2,3,29.05
162,dept4,3,6.32
163,dept1,3,41.94
164,dept2,3,47.14
165,dept4,3,95.34
166,dept1,3,69.04
167,dept3,3,38.11
168,dept2,3,6.26
169,dept4,3,98.45
170,dept2,3,71.37
171,dept2,3,37.42
172,dept2,3,1.44
173,dept2,3,4.87
174,dept1,3,24.96
175,dept4,3,97.69
176,dept3,3,13.2
177,dept2,3,2.78
178,dept2,3,57.84
179,dept1,3,72.48
180,dept2,3,13.55
181,dept2,3,4.67
182,dept4,3,4.46
183,dept1,3,23.6
184,dept1,3,78.78
185,dept4,3,65.85
186,dept3,3,90.43
187,dept1,3,63.94
188,dept1,3,19.13
189,dept1,3,84.59
190,dept3,3,4.46
191,dept4,3,27.79
192,dept1,3,50.25
193,dept2,3,6.85
194,dept4,3,36.83
195,dept4,3,33.88
196,dept1,3,76.27
197,dept4,3,62.98
198,dept1,3,89.18
199,dept3,3,61.05
200,dept2,3,73.36
201,dept4,3,92.41
202,dept1,3,15.83
203,dept3,3,30.64
204,dept4,3,19.76
205,dept4,3,47.71
206,dept4,3,81.71
207,dept4,3,25.89
208,dept4,3,44.85
209,dept1,3,70.53
210,dept1,3,13.42
211,dept4,3,32.4
212,dept4,3,9.34
213,dept4,3,7.97
214,dept4,3,89.2
215,dept2,3,58.46
216,dept1,3,95.49
217,dept2,3,9.44
218,dept2,3,28.11
219,dept2,3,10.38
220,dept1,3,81.91
221,dept3,3,16.96
222,dept2,3,84.11
223,dept1,3,35.92
224,dept3,3,40.23
225,dept4,3,80.79
226,dept4,3,32.34
227,dept2,3,58.12
228,dept4,3,22.56
229,dept4,3,24.91
230,dept3,3,36.01
231,dept2,3,93.22
232,dept2,3,17.68
233,dept2,3,76.69
234,dept1,3,61.39
235,dept3,3,58.81
236,dept1,3,75.2
237,dept4,3,20.25
238,dept2,3,42.28
239,dept2,3,13.44
240,dept2,3,11.32
241,dept2,3,42.39
242,dept2,3,7.26
243,dept2,3,17.56
244,dept3,3,52.07
245,dept1,3,39.24
246,dept1,3,5.06
247,dept2,3,87.01
248,dept3,3,40.56
249,dept4,3,69.95
250,dept2,3,65.94
251,dept4,3,8.78
252,dept1,3,61.96
253,dept2,3,84.38
254,dept2,3,16.69
255,dept2,3,42.53
256,dept1,3,34.54
257,dept2,3,44.16
258,dept1,3,2.71
259,dept1,3,23.01
260,dept1,3,53.9
261,dept2,3,90.5
262,dept2,3,54.28
263,dept1,3,68.68
264,dept2,3,92.27
265,dept4,3,73.3
266,dept1,3,57.5
267,dept3,3,3.77
268,dept1,3,1.14
269,dept2,3,62.3
270,dept1,3,31.8
271,dept2,3,78.2
272,dept4,3,76.33
273,dept1,3,16.4
274,dept2,3,57.46
275,dept1,3,23.79
276,dept1,3,95.81
277,dept2,3,67.22
278,dept1,3,13.89
279,dept2,3,20.37
280,dept3,3,18.74
281,dept3,3,13.16
282,dept2,3,32.54
283,dept4,3,8.04
284,dept3,3,27.63
285,dept3,3,14.65
286,dept3,3,35.91
287,dept2,3,17.73
288,dept1,3,88.37
289,dept4,3,97.02
290,dept2,3,34.07
291,dept2,3,6.4
292,dept3,3,26.6
293,dept2,3,68.27
294,dept2,3,48.99
295,dept3,3,75.76
296,dept4,3,4.61
297,dept2,3,41.97
298,dept4,3,11.39
299,dept1,3,3.3
300,dept3,3,43.77
301,dept1,3,60.41
302,dept1,3,60.85
303,dept1,3,21.71
304,dept2,3,27.62
305,dept1,3,13.05
306,dept2,3,61.35
307,dept3,3,41.44
308,dept2,3,28.46
309,dept1,3,63.85
310,dept3,3,31.81
311,dept4,3,74.61
312,dept1,3,4.9
313,dept1,3,29.11
314,dept4,3,85.64
315,dept2,3,36.91
316,dept3,3,90.65
317,dept1,3,43.61
318,dept3,3,71.77
319,dept2,3,90.08
320,dept1,3,70.36
321,dept3,3,39.08
322,dept3,3,39.57
323,dept4,3,82.33
324,dept2,3,59.58
325,dept4,3,78.02
326,dept3,3,28.97
327,dept4,3,65.57
328,dept2,3,73.07
329,dept4,3,75.63
330,dept4,3,17.35
331,dept3,3,73.37
332,dept1,3,92.67
333,dept1,3,74.98
334,dept3,3,57.8
335,dept4,3,80.4
336,dept3,3,29.16
337,dept3,3,93.41
338,dept2,3,32.46
339,dept2,3,44.47
340,dept4,3,50.46
341,dept3,3,82.93
342,dept3,3,54.65
343,dept3,3,96.96
344,dept1,3,32.13
345,dept2,3,51.58
346,dept3,3,56.79
347,dept3,3,76.06
348,dept4,3,94.49
349,dept1,3,76.49
350,dept4,3,90.77
351,dept1,3,47.86
352,dept3,3,57.44
353,dept1,3,82.74
354,dept1,3,53.78
355,dept1,3,42.14
356,dept1,3,30.57
357,dept4,3,88.69
358,dept3,3,55.55
359,dept1,3,30.06
360,dept2,3,94.63
361,dept2,3,28.01
362,dept2,3,61.07
363,dept1,3,56.26
364,dept3,3,81.94
365,dept3,3,98.9
366,dept2,3,52.2
367,dept3,3,88.62
368,dept1,3,48.7
369,dept3,3,30.29
370,dept2,3,61.45
371,dept3,3,16.3
372,dept2,3,11.03
373,dept3,3,24.56
374,dept1,3,69.6
375,dept3,3,33.13
376,dept1,3,35.98
377,dept4,3,6.65
378,dept2,3,35.51
379,dept1,3,37.2
380,dept4,3,97.48
381,dept4,3,6.31
382,dept3,3,13.26
383,dept4,3,83.05
384,dept1,3,46.2
385,dept1,3,43.1
386,dept4,3,17.9
387,dept4,3,83.78
388,dept1,3,15.41
389,dept4,3,12.59
390,dept3,3,82.91
391,dept2,3,95.2
392,dept4,3,14.52
393,dept2,3,91.01
394,dept2,3,59.41
395,dept3,3,66.15
396,dept2,3,25.08
397,dept4,3,62.25
398,dept1,3,77.33
399,dept2,3,62.56
400,dept4,3,1.09
401,dept3,3,54.66
402,dept2,3,79.03
403,dept4,3,74.06
404,dept3,3,28.79
405,dept1,3,89.8
406,dept1,3,29.89
407,dept1,3,82.74
408,dept2,3,86.89
409,dept4,3,16.04
410,dept2,3,96.47
411,dept2,3,49.43
412,dept1,3,72.67
413,dept4,3,39.33
414,dept3,3,17.11
415,dept3,3,9.06
416,dept1,3,92.58
417,dept2,3,63.05
418,dept1,3,17.48
419,dept1,3,86.95
420,dept2,3,3.23
421,dept3,3,9.61
422,dept4,3,38.61
423,dept3,3,38.8
424,dept2,3,26.75
425,dept3,3,84.88
426,dept4,3,23.3
427,dept4,3,20.37
428,dept3,3,14.88
429,dept2,3,82.68
430,dept4,3,24.18
431,dept1,3,19.08
432,dept3,3,21.43
433,dept1,3,59.93
434,dept2,3,24.48
435,dept3,3,73.25
436,dept2,3,80.34
437,dept4,3,96.48
438,dept3,3,28.83
439,dept1,3,5.69
440,dept4,3,43.29
441,dept2,3,24.4
442,dept3,3,90.47
443,dept3,3,43.58
444,dept2,3,41.01
445,dept2,3,75.74
446,dept3,3,36.52
447,dept4,3,60.47
448,dept2,3,20.77
449,dept4,3,66.33
450,dept4,3,79.38
451,dept4,3,45.56
452,dept4,3,18.49
453,dept4,3,69.64
454,dept1,3,60.91
455,dept2,3,34.83
456,dept3,3,37.65
457,dept4,3,67.62
458,dept1,3,51.43
459,dept2,3,97.28
460,dept3,3,31.76
461,dept2,3,52.88
462,dept4,3,97.06
463,dept1,3,30.81
464,dept2,3,60.3
465,dept1,3,12.22
466,dept3,3,92.19
467,dept4,3,46.55
468,dept3,3,14.34
469,dept1,3,66.16
470,dept3,3,92.04
471,dept4,3,14.44
472,dept1,3,97.09
473,dept1,3,35.38
474,dept4,3,40.46
475,dept2,3,24.42
476,dept1,3,27.09
477,dept2,3,86.92
478,dept1,3,44.79
479,dept4,3,98.23
480,dept1,3,62.59
481,dept4,3,8.93
482,dept3,3,87.53
483,dept3,3,55.06
484,dept1,3,74.27
485,dept3,3,36.35
486,dept4,3,90.91
487,dept1,3,38.62
488,dept2,3,59.32
489,dept1,3,46.37
490,dept1,3,9.44
491,dept3,3,54.83
492,dept1,3,61.21
493,dept1,3,75.19
494,dept3,3,18.81
495,dept2,3,61.35
496,dept4,3,48.6
497,dept4,3,16.0
498,dept3,3,8.62
499,dept4,3,82.45
500,dept3,3,99.96
501,dept2,3,88.59
502,dept2,3,65.33
503,dept1,3,24.78
504,dept4,3,2.87
505,dept1,3,26.29
506,dept3,3,39.84
507,dept1,3,32.6
508,dept4,3,34.97
509,dept4,3,47.16
510,dept3,3,12.77
511,dept1,3,86.0
512,dept4,3,85.53
513,dept3,3,10.93
514,dept2,3,15.78
515,dept1,3,62.27
516,dept1,3,12.51
517,dept2,3,42.98
518,dept4,3,91.65
519,dept3,3,45.15
520,dept1,3,72.68
521,dept3,3,27.81
522,dept4,3,42.53
523,dept3,3,2.11
524,dept3,3,51.58
525,dept3,3,3.63
526,dept3,3,49.6
527,dept2,3,35.53
528,dept1,3,38.27
529,dept4,3,38.05
530,dept3,3,26.59
531,dept1,3,76.73
532,dept1,3,42.77
533,dept4,3,89.55
534,dept2,3,90.87
535,dept2,3,20.94
536,dept3,3,36.64
537,dept1,3,97.64
538,dept1,3,29.89
539,dept3,3,89.33
540,dept2,3,75.51
541,dept3,3,17.98
542,dept4,3,2.06
543,dept3,3,34.43
544,dept1,3,83.19
545,dept4,3,26.92
546,dept2,3,42.49
547,dept4,3,64.66
548,dept2,3,50.72
549,dept1,3,92.5
550,dept1,3,27.9
551,dept4,3,73.25
552,dept1,3,34.28
553,dept3,3,18.71
554,dept1,3,42.74
555,dept1,3,31.36
556,dept4,3,98.21
557,dept2,3,4.87
558,dept3,3,50.24
559,dept4,3,80.61
560,dept4,3,88.06
561,dept3,3,14.54
562,dept2,3,71.64
563,dept2,3,41.76
564,dept1,3,82.44
565,dept4,3,20.16
566,dept4,3,11.63
567,dept1,3,59.65
568,dept1,3,3.87
569,dept3,3,97.71
570,dept1,3,94.77
571,dept4,3,65.62
572,dept2,3,7.76
573,dept1,3,1.53
574,dept1,3,90.7
575,dept2,3,40.52
576,dept1,3,27.9
577,dept2,3,54.59
578,dept3,3,94.35
579,dept2,3,23.17
580,dept3,3,21.8
581,dept3,3,15.91
582,dept3,3,44.23
583,dept2,3,33.56
584,dept2,3,64.51
585,dept2,3,83.13
586,dept4,3,55.35
587,dept1,3,94.96
588,dept3,3,61.25
589,dept2,3,61.79
590,dept3,3,33.41
591,dept3,3,51.83
592,dept2,3,3.89
593,dept4,3,12.28
594,dept3,3,53.78
595,dept1,3,60.23
596,dept3,3,57.69
597,dept1,3,55.28
598,dept3,3,40.26
599,dept4,3,37.07
600,dept2,3,17.0
601,dept1,3,45.31
602,dept2,3,4.41
603,dept1,3,24.54
604,dept4,3,17.33
605,dept3,3,33.45
606,dept1,3,27.27
607,dept3,3,17.43
608,dept4,3,40.72
609,dept1,3,95.55
610,dept2,3,41.48
611,dept2,3,62.72
612,dept4,3,7.95
613,dept2,3,66.57
614,dept1,3,4.68
615,dept4,3,92.47
616,dept2,3,83.96
617,dept3,3,84.67
618,dept1,3,29.94
619,dept2,3,76.72
620,dept3,3,83.9
621,dept1,3,6.53
622,dept2,3,92.99
623,dept3,3,79.47
624,dept4,3,36.81
625,dept1,3,62.02
626,dept4,3,45.93
627,dept3,3,48.99
628,dept4,3,71.79
629,dept3,3,35.72
630,dept3,3,27.42
631,dept2,3,6.1
632,dept1,3,88.13
633,dept2,3,88.67
634,dept1,3,31.88
635,dept3,3,86.6
636,dept1,3,41.27
637,dept4,3,54.37
638,dept3,3,94.61
639,dept4,3,49.82
640,dept2,3,57.94
641,dept1,3,22.95
642,dept4,3,71.63
643,dept3,3,90.27
644,dept2,3,24.61
645,dept3,3,83.33
646,dept1,3,36.37
647,dept3,3,99.84
648,dept4,3,35.67
649,dept2,3,44.82
650,dept1,3,86.58
651,dept1,3,3.77
652,dept3,3,79.6
653,dept3,3,65.37
654,dept1,3,23.59
655,dept1,3,10.91
656,dept4,3,13.5
657,dept3,3,3.96
658,dept4,3,26.57
659,dept1,3,87.4
660,dept4,3,30.97
661,dept2,3,93.57
662,dept2,3,96.7
663,dept3,3,2.99
664,dept1,3,22.34
665,dept1,3,7.5
666,dept4,3,76.7
667,dept2,3,43.58
668,dept3,3,35.54
669,dept3,3,71.28
670,dept2,3,41.12
671,dept2,3,13.33
672,dept1,3,17.47
673,dept3,3,52.09
674,dept4,3,51.4
675,dept1,3,86.38
676,dept1,3,99.08
677,dept3,3,84.9
678,dept1,3,56.83
679,dept1,3,88.91
680,dept2,3,78.49
681,dept2,3,97.53
682,dept2,3,63.11
683,dept1,3,98.35
684,dept3,3,58.58
685,dept1,3,35.19
686,dept3,3,45.13
687,dept2,3,84.32
688,dept2,3,14.12
689,dept1,3,99.83
690,dept3,3,66.97
691,dept3,3,68.51
692,dept4,3,52.39
693,dept4,3,97.87
694,dept3,3,10.78
695,dept1,3,71.86
696,dept1,3,66.64
697,dept2,3,6.2
698,dept2,3,35.69
699,dept4,3,46.94
700,dept3,3,66.76
701,dept3,3,42.53
702,dept2,3,90.63
703,dept2,3,46.95
704,dept1,3,23.88
705,dept3,3,81.84
706,dept3,3,15.17
707,dept4,3,69.25
708,dept3,3,65.54
709,dept1,3,85.26
710,dept4,3,94.61
711,dept3,3,75.36
712,dept1,3,91.6
713,dept2,3,26.14
714,dept1,3,19.92
715,dept3,3,48.23
716,dept1,3,90.97
717,dept3,3,76.5
718,dept3,3,57.86
719,dept4,3,62.77
720,dept1,3,24.55
721,dept1,3,16.64
722,dept3,3,17.4
723,dept2,3,37.65
724,dept3,3,41.29
725,dept2,3,30.93
726,dept3,3,99.06
727,dept4,3,21.35
728,dept3,3,77.18
729,dept1,3,32.11
730,dept1,3,86.32
731,dept3,3,44.8
732,dept2,3,72.63
733,dept4,3,94.4
734,dept3,3,53.92
735,dept2,3,30.92
736,dept1,3,97.76
737,dept4,3,86.02
738,dept3,3,70.99
739,dept2,3,51.18
740,dept2,3,91.59
741,dept4,3,57.57
742,dept1,3,54.3
743,dept2,3,63.29
744,dept3,3,70.56
745,dept4,3,64.1
746,dept3,3,67.82
747,dept2,3,84.85
748,dept1,3,18.03
749,dept2,3,81.55
750,dept2,3,92.26
751,dept4,3,4.49
752,dept2,3,27.82
753,dept4,3,62.72
754,dept4,3,24.33
755,dept2,3,44.67
756,dept4,3,82.24
757,dept4,3,84.29
758,dept1,3,58.86
759,dept1,3,6.26
760,dept2,3,60.35
761,dept3,3,6.07
762,dept2,3,23.24
763,dept1,3,19.05
764,dept2,3,32.36
765,dept3,3,19.51
766,dept1,3,82.17
767,dept4,3,92.85
768,dept3,3,46.81
769,dept3,3,45.41
770,dept1,3,99.12
771,dept3,3,51.13
772,dept3,3,11.99
773,dept1,3,38.17
774,dept2,3,5.82
775,dept2,3,59.22
776,dept4,3,7.82
777,dept1,3,61.53
778,dept1,3,16.58
779,dept2,3,46.35
780,dept1,3,41.26
781,dept3,3,89.15
782,dept4,3,34.81
783,dept1,3,16.96
784,dept4,3,2.96
785,dept1,3,76.48
786,dept4,3,52.37
787,dept3,3,92.04
788,dept3,3,49.83
789,dept3,3,71.33
790,dept3,3,12.52
791,dept2,3,85.37
792,dept2,3,22.32
793,dept3,3,17.28
794,dept4,3,62.67
795,dept3,3,23.76
796,dept3,3,92.36
797,dept1,3,54.0
798,dept2,3,31.31
799,dept3,3,10.41
800,dept3,3,51.28
801,dept4,3,58.39
802,dept2,3,4.46
803,dept2,3,95.32
804,dept1,3,90.27
805,dept4,3,2.54
806,dept3,3,23.25
807,dept3,3,16.52
808,dept4,3,17.21
809,dept3,3,87.96
810,dept3,3,81.12
811,dept3,3,33.99
812,dept3,3,14.93
813,dept4,3,57.54
814,dept2,3,50.14
815,dept1,3,66.14
816,dept4,3,23.52
817,dept4,3,19.57
818,dept3,3,82.34
819,dept4,3,96.03
820,dept2,3,14.62
821,dept3,3,53.76
822,dept2,3,94.27
823,dept2,3,75.99
824,dept3,3,1.88
825,dept1,3,93.14
826,dept1,3,49.05
827,dept2,3,42.17
828,dept1,3,22.19
829,dept2,3,43.87
830,dept2,3,60.31
831,dept2,3,31.02
832,dept2,3,31.95
833,dept4,3,11.13
834,dept4,3,86.29
835,dept1,3,20.54
836,dept3,3,38.66
837,dept3,3,38.29
838,dept4,3,23.03
839,dept2,3,12.49
840,dept2,3,35.23
841,dept3,3,92.34
842,dept4,3,96.55
843,dept3,3,97.11
844,dept4,3,71.3
845,dept3,3,32.31
846,dept3,3,47.55
847,dept1,3,27.24
848,dept4,3,68.99
849,dept4,3,70.56
850,dept1,3,43.65
851,dept2,3,45.59
852,dept2,3,82.85
853,dept2,3,99.81
854,dept3,3,15.81
855,dept3,3,87.87
856,dept2,3,25.16
857,dept1,3,68.0
858,dept2,3,5.53
859,dept3,3,33.62
860,dept1,3,35.78
861,dept3,3,56.38
862,dept2,3,91.08
863,dept1,3,98.73
864,dept3,3,74.05
865,dept3,3,3.54
866,dept1,3,24.15
867,dept2,3,26.82
868,dept4,3,61.76
869,dept4,3,26.07
870,dept1,3,49.23
871,dept4,3,40.49
872,dept1,3,12.47
873,dept4,3,86.02
874,dept3,3,50.87
875,dept1,3,32.86
876,dept3,3,84.1
877,dept3,3,11.41
878,dept3,3,1.37
879,dept4,3,58.36
880,dept1,3,25.78
881,dept1,3,63.95
882,dept4,3,88.46
883,dept3,3,25.33
884,dept1,3,25.7
885,dept2,3,41.98
886,dept2,3,2.27
887,dept3,3,20.25
888,dept2,3,11.0
889,dept1,3,26.16
890,dept1,3,20.13
891,dept2,3,74.62
892,dept4,3,63.8
893,dept3,3,43.43
894,dept1,3,24.41
895,dept4,3,28.65
896,dept1,3,21.5
897,dept3,3,83.01
898,dept3,3,82.01
899,dept3,3,58.93
900,dept4,3,82.4
901,dept3,3,66.34
902,dept1,3,69.48
903,dept1,3,2.1
904,dept1,3,40.62
905,dept2,3,69.79
906,dept4,3,87.63
907,dept3,3,65.48
908,dept1,3,27.24
909,dept4,3,42.45
910,dept3,3,76.03
911,dept4,3,54.83
912,dept1,3,20.57
913,dept1,3,68.26
914,dept2,3,39.17
915,dept2,3,67.15
916,dept2,3,9.21
917,dept3,3,88.74
918,dept3,3,92.38
919,dept1,3,88.85
920,dept1,3,7.8
921,dept3,3,79.55
922,dept3,3,55.83
923,dept4,3,60.45
924,dept4,3,16.52
925,dept3,3,62.73
926,dept3,3,47.52
927,dept4,3,75.77
928,dept1,3,97.63
929,dept3,3,83.79
930,dept1,3,46.04
931,dept1,3,92.47
932,dept2,3,48.92
933,dept1,3,82.13
934,dept2,3,70.21
935,dept4,3,60.94
936,dept1,3,57.92
937,dept1,3,95.69
938,dept3,3,79.34
939,dept1,3,50.27
940,dept2,3,43.48
941,dept2,3,41.46
942,dept2,3,26.71
943,dept2,3,92.33
944,dept4,3,44.05
945,dept4,3,7.73
946,dept3,3,49.52
947,dept4,3,4.55
948,dept3,3,67.42
949,dept3,3,66.57
950,dept2,3,17.62
951,dept1,3,84.32
952,dept2,3,92.84
953,dept2,3,60.95
954,dept1,3,43.8
955,dept3,3,78.3
956,dept4,3,90.53
957,dept3,3,89.86
958,dept1,3,85.55
959,dept1,3,39.57
960,dept4,3,67.8
961,dept3,3,75.37
962,dept3,3,67.67
963,dept4,3,16.58
964,dept1,3,74.96
965,dept4,3,34.52
966,dept2,3,92.67
967,dept4,3,7.75
968,dept3,3,62.64
969,dept2,3,57.64
970,dept2,3,66.61
971,dept3,3,85.78
972,dept2,3,56.46
973,dept4,3,73.36
974,dept2,3,13.7
975,dept4,3,69.72
976,dept1,3,77.53
977,dept4,3,52.85
978,dept3,3,47.68
979,dept2,3,84.84
980,dept1,3,79.14
981,dept3,3,42.64
982,dept2,3,14.78
983,dept1,3,34.6
984,dept4,3,1.84
985,dept3,3,84.71
986,dept3,3,59.49
987,dept4,3,6.27
988,dept1,3,30.97
989,dept4,3,72.66
990,dept3,3,23.63
991,dept1,3,85.86
992,dept3,3,88.94
993,dept3,3,63.77
994,dept4,3,61.01
995,dept4,3,77.29
996,dept3,3,35.98
997,dept3,3,52.92
998,dept2,3,98.03
999,dept4,3,93.38
1000,dept3,3,36.37
